Proposal ID,Title,Votes,Scores Total,Total Supply,Turnout Rate (%),Unique Voters,Voter Participation (%),Quorum Achieved,Proposal Type
0xc57dc7846d473aedb168b8b830c915dda27e0f344c29cc004bfdaff8823ab9ac,[BIP-718] Enable Gauge for dvstETH / wstETH (Ethereum),6,2951240.009480493,60331875.78619277,4.891676201050421,6,9.944991634709173e-06,Yes,Upgrade
0xc2dd5357fee7eef6a7e1b99ae457769c69866480dfe88d035fa182ee3b397406,[BIP-717] Enable GHO/wUSDL Gauge on Arbitrum,6,2951258.5821658093,60331875.78619277,4.891706985250438,6,9.944991634709173e-06,Yes,Upgrade
0xb05035263a2acdc555b35c4e496ae92834ce00fd5a9bf4594e8c4fb92af228a4,[BIP-716] Enable USDC/GYD Gauge [Ethereum],5,2951301.918120001,60331875.78619277,4.891778814534091,5,8.28749302892431e-06,Yes,Upgrade
0x09904b2d9fb4c980120f393060d8062764e0000bec849c3a23855faca34080a2,[BIP-715] Enable Automatic Aura Relocking,6,2951333.142076428,60331875.78619277,4.891830568198335,6,9.944991634709173e-06,Yes,Other
0x33a8878f7747e4804b18e9363ba3f1bbc7d2a8b9a79e34ab1be5157e5d542c83,"[BIP-714] Allocate 250,000 USDT to sGYD",6,2951344.909882412,60331875.78619277,4.891850073320347,6,9.944991634709173e-06,Yes,Funding
0xb3454283d44bb2eff7b0adcaecef7f45d7812655560784f64e7c51df45d3fd59,[BIP-713] Spearbit Cantina Audit Competition Funding,5,3119948.640530396,60331875.78619277,5.171310521799506,5,8.28749302892431e-06,Yes,Funding
0x1281972af70ebd7b4f8e403374227b91c33d0d4e7ff75b917e7155628ca2c934,[BIP-712] Enable UltraEths/wETH gauge [Ethereum],5,3119972.2850986607,60331875.78619277,5.171349712638441,5,8.28749302892431e-06,Yes,Upgrade
0x3d8aff67780637416728bc6428ce2d5e2340d4dc474aa816941e98afd06ef271,[BIP-711] Expand Hidden Hand Refund Flexibility,6,3122405.861510895,60331875.78619277,5.17538336214879,6,9.944991634709173e-06,Yes,Funding
0x790c5f9774ad21f9d7102cd6c99fcef7a231f28076e3f0da98efabac29fda284,[BIP-710] Claim COW Airdrop,5,3121964.7911810926,60331875.78619277,5.17465228869209,5,8.28749302892431e-06,Yes,Other
0x896b41473f5f7f8673f9c6d15f3ed9fcdee8815b4f525accf54856e761c6c0e6,[BIP-709] Mode Allocation Mandate,5,3121970.093486662,60331875.78619277,5.174661077256179,5,8.28749302892431e-06,Yes,Other
0xd0d7bfd68f2241524dbb14ae6fe0e8414b9fe3e0dcfc50641a8d28f0067d6693,Lido Community Staking Module Mainnet Release Setup,109,70597046.3606398,895280831.178504,7.885463856934062,109,1.2174950719822484e-05,Yes,Other
0x44bc7db53129ab4048c7f6f5cdc03407ec73444cbb5976c9579cb19bd3b57f7e,Change Easy Track limits for PML & ATC,93,63504056.58331265,895280831.178504,7.093199627620645,93,1.0387801990307258e-05,Yes,Other
0x185d0f90a82fd60c292bd6af34c136556859cc168b373cdf9c769b26f8e42b7b,Increase the Proposal Threshold for Snapshot,97,55726724.9712399,895280831.178504,6.224496608274743,97,1.0834589172686065e-05,Yes,Other
0xcd79470a62c5531cb090baa02b65674697c1098451b654c7e26565293d18bb6e,‚úÖLayerZero ($ZRO) x Lido airdrop‚úÖ,2,1015.78,895280831.178504,0.0001134593710291,2,2.233935911894034e-07,No,Other
0x0ec9ab354316501d6699f9299e3d0fc76b878cb40437b96770f3ef6c21221c3d,‚úÖLayerZero ($ZRO) x Lido airdrop‚úÖ,2,1015.78,895280831.178504,0.0001134593710291,2,2.233935911894034e-07,No,Other
0x3ea7817705c8c00a603995784864318865a4878554034876d78ef2da11c02bff,‚úÖLayerZero ($ZRO) x Lido airdrop‚úÖ,1,14.78,895280831.178504,1.6508786388896912e-06,1,1.116967955947017e-07,No,Other
0xf4f1b1994448c5bcf3b969f3bf1e9ebe8322bce3659948c9adb62068bc6cdaa5,‚úÖLayerZero ($ZRO) x Lido airdrop‚úÖ,2,1015.78,895280831.178504,0.0001134593710291,2,2.233935911894034e-07,No,Other
0xc094053b14a03a753792be19ba7b632f71fccc7ab668804538f9e1da1b34b37b,‚úÖLayerZero ($ZRO) x Lido airdrop‚úÖ,2,1015.78,895280831.178504,0.0001134593710291,2,2.233935911894034e-07,No,Other
0x9d573ab170424a1fdcac017780420f840848bca4256cfd34bb870405963b0825,üíé$LIDO Airdrop‚≠êÔ∏è on Atom Blockchain ‚úÖ,2,114.78,895280831.178504,1.282055819835986e-05,2,2.233935911894034e-07,No,Other
0x080132912076416ec7791898facbae673736e57de97cbf1b3eddd330da32d517,üíé$LIDO Airdrop‚≠êÔ∏è on Atom Blockchain ‚úÖ,1,14.78,895280831.178504,1.6508786388896912e-06,1,1.116967955947017e-07,No,Other
0x9bc3f3d8e38d70f55887f2f2498e1b39f59467489158923488aceab73cd4f144,[ARFC] Remove Frax from Isolation Mode on Aave v3 Mainnet,136,665872.510047008,14955326.308726482,4.452410440944169,136,0.0009093750092276058,Yes,Other
0xe03ecf69d92f04d39d1385ccc87d8782347471a7305897e85b3d5d04f26a522d,[TEMP CHECK] Add rlUSD to Aave v3 Main Market on Ethereum,151,665837.0665515112,14955326.308726482,4.452173445142371,151,0.0010096737234806506,Yes,Other
0x2aed7eb8b03cb3f961cbf790bf2e2e1e449f841a4ad8bdbcdd223bb6ac69e719,[ARFC] Launch GHO on Avalanche & set ACI as Emissions Manager for rewards,152,665855.0307871319,14955326.308726482,4.452293564458057,152,0.0010163603044308534,Yes,Other
0x03dc21e0423c60082dc23317af6ebaf997610cbc2cbb0f5a385653bd99a524fe,[ARFC] Launch GHO on Base & set ACI as Emissions Manager for rewards,149,665833.9649311182,14955326.308726482,4.452152705906536,149,0.0009963005615802446,Yes,Other
0xa8ec5cf2568691144861b38af1b2cef4f95d33d0912fea28438132cabf4b6c28,[ARFC] Chaos Labs <> Aave Risk Management Service Renewal ,168,370015.3103704876,14955326.308726482,2.474137325606747,168,0.0011233455996341013,Yes,Other
0xebf0b33be0c3784b2928112414f08e31ac57705f49d46668bfef6fa6f761141d,[ARFC] Continuous Security Proposal Aave <> Certora,233,766465.0191317095,14955326.308726482,5.125030395923054,233,0.0015579733613972954,Yes,Security
0x3c8116f97f990bf61fe63c636c1ae85630ad355e26881285aa4fefaebd8c9c0d,[ARFC] Renew LlamaRisk as Risk Service Provider,217,766928.785947144,14955326.308726482,5.128131410276475,217,0.0014509880661940475,Yes,Other
0x4ee3ae8c9046a2b50eb1fcaa5266b86786923635d143dd5ed9e4acb898ec5fe5,[ARFC] Onboard FRAX to Aave v3 Lido Instance,213,755282.9587397083,14955326.308726482,5.05026064392188,213,0.0014242417423932356,Yes,Other
0xb89a0602624fabc59e4f6abe2d3d959a5b2c892ca2f8484d01fa7f5c6fde9402,[TEMP CHECK] Onboard EIGEN to Aave V3 Ethereum,204,765299.6414003869,14955326.308726482,5.117238003385002,204,0.0013640625138414087,Yes,Other
0x6709151a1efa71370a6a0f9a7592d983ed401ac0311cce861fba347081384520,"[ARFC] Onboard sUSDe, USDe and weETH to Aave v3 on zkSync",242,773316.0920360774,14955326.308726482,5.170840649493853,242,0.0016181525899491222,Yes,Other
0xafb1325f49057dd20fabf2908531da93565172525309a0a3a914daa7f773b0c6,[5.17.3] [Social] Funding Request: ENS Public Goods Working Group,93,1346101.4220413151,33164354.56145664,4.05888020388536,93,0.0002804215587179975,Yes,Funding
0xfe303865510b5ef7fabee2bcbd5081afa01f276195f57e1561ff27c477459984,[5.17.2] [Social] Funding Request: ENS Ecosystem Working Group,94,1437983.2498538669,33164354.56145664,4.3359301541332576,94,0.00028343684429561034,Yes,Funding
0x0f906ef744da4aace051305dff824fe7b000814f23af36f037f0dd23a1a94f98,[5.17.1] [Social] Funding Request: ENS Meta-Governance Working Group Term 5 (Oct. Window),94,1472308.881902421,33164354.56145664,4.439431737391708,94,0.00028343684429561034,Yes,Funding
0xca27ce450e2a404b51d7ec7979639561dc5d8302949b3a29e4dfef2a8993f018,[EP 5.15][Social] ENS Governor Improvement Proposal: ProposalBond,107,1596142.3914032937,33164354.56145664,4.812825132614877,107,0.00032263555680457775,Yes,Other
0xa0b1bfadf6853b5b0d59d3c4d73c434fc6389339887d05de805361372eb17c3a,[EP5.10][Social] Confirming the ENS DAO Security Council Members,141,1393951.7677668366,33164354.56145664,4.203162661235315,141,0.0004251552664434155,Yes,Security
0x66d355555c24ed0d2fed0aee89e4fe009e2925c84144c4edc707d33e7c19e554,[5.9.1] [Social] Funding Request: ENS Meta-Governance Working Group Term 5 (Q1/Q2),176,1287114.5626474551,33164354.56145664,3.881017977486376,176,0.0005306902616598662,Yes,Funding
0x1f328fd1fda5f3cabfdace3e521403def7ad41b0b0582e27334c135cd23c511d,[5.8][Social] ENS Steward Vesting Proposal,291,1357492.013622515,33164354.56145664,4.093226090400632,291,0.0008774481030853469,Yes,Other
0xf3a4673fe04a3ecfed4a2f066f6ced1539a5466d61630428333360b843653c54,[EP5.7][Social] Security Council,244,1361929.770838151,33164354.56145664,4.106607195729886,244,0.0007357296809375418,Yes,Security
0xd3437f1c9ece8a309da116be5bffaf31fa40df5361e04e43f9c913970a8746ee,[5.4.2] [Social] Funding Request: ENS Public Goods Working Group Term 5 (Q1/Q2),258,1440294.2015790758,33164354.56145664,4.342898333540839,258,0.000777943679024122,Yes,Funding
0xfa1fdf0cfb94eabecf613ccd6b0c3a9247c21e64047cf330c000760970a02536,[5.4.1] [Social] Funding Request: ENS Meta-Governance Working Group Term 5 (Q1/Q2),256,1632926.4190291672,33164354.56145664,4.923739480601688,256,0.0007719131078688963,Yes,Funding
0xd376f284311e1900be435258f8f2a7d5f648881444f8f50267815d2a19b51a53,AIP-466: Proposal To Close Non-Essential Working Groups,226,30550201.89346927,721448863.0,4.234562345338296,226,3.132585157321123e-05,Yes,Other
0x7b7612f66b1e03a44183b838e28799105a69c5269bca4244d3569b4df07746c0, AIP-524: ApeLance on ApeChain : WEB 3.0 Bridge (Resubmission),178,27714587.94304023,721448863.0,3.841518001399945,178,2.467257336297167e-05,Yes,Other
0x42530f477e01da9887703ab540c22ab7d23f7b75775b13e0c1dfe8014e226da8,AIP-498: DashBO UGC Platform : Democratizing Content Creation,242,22451369.366319004,721448863.0,3.111983470728542,242,3.354361097662441e-05,Yes,Other
0xc2cdf0ab46a9bc2cdac90b52eb22999c013ed71958b0a77f08f5975299fedc1e,AIP-496: ApeCoin DAO at NFT PARIS 2025,152,20024633.815043364,721448863.0,2.7756137464511275,152,2.106871433242525e-05,Yes,Other
0xa3b7c1f71e8c03e40bc120945ffadcdbebe65e2be0f678b5d98009071840dfc4,AIP-483: Bored Arcade: The Ultimate Degen Arcade & Mini-Game Creation Factory,118,11918315.101958727,721448863.0,1.651997211888146,118,1.6355975600172234e-05,Yes,Other
0xca0f97dac931a095d7bea55c46d6e6a8f39bb62d644963a2b98f7a5c6d0511c9,AIP-452: Expanding APE ecosystem via SOG - Revolutionary Blockchain MOBA Game,130,16966395.71363733,721448863.0,2.351711477246771,130,1.801929515273212e-05,Yes,Other
0xb6db4444f34da7deace31559f8d8c6a8b4adc068fbee399d2f42501d25c05da3,"AIP-486: Powered by ApeCoin, unlocking Web3 travel solutions for the community & Apes Swing into Lisbon Event",141,10908646.10150532,721448863.0,1.5120470293824997,141,1.9544004742578686e-05,Yes,Other
0xd6847e27ff81ee2540b30b6d2337c49bd6c4b03ddd1560d9b7829507c895f309, AIP-502: The Apemobile - Guerrilla marketing meets a KOL partnership (Resubmission),140,22747709.43154833,721448863.0,3.153059156120442,140,1.940539477986536e-05,Yes,Other
0x43baf4baadde1c4edad763ea855deffbabea55c41a37fc496645ce0b926c08f8,AIP-492: ApeCoin Gets a LOUDER Voice: The podcastization of the ApeCoin Ecosystem (Resubmission),114,10875509.193563117,721448863.0,1.507453923808196,114,1.580153574931894e-05,Yes,Other
0xaa3b8b16b4e6193e8c0feb8d9fd0fed9873659bc27ffa4ec9f5792f323f8c766,AIP-489: Restoring Balance,159,20817422.504524726,721448863.0,2.8855021571396846,159,2.2038984071418518e-05,Yes,Other
0xdfe7bf7e5bc227fc06765f37d9d9ecd1371e637b93b574ae4cc4c1d345cd648f,Establishing a DAO Events Budget for 2025,3899,68530271.94178984,3617088312.0,1.8946253458737732,3899,0.00010779388457463795,Yes,Other
0x817ca6edf6d7e5c9fd5c9839cdd266c600054a443169fdb577bc7567f70073f0,LTIPP Retroactive Community Funding Selections,3783,88641751.16051592,3617088312.0,2.450638290097572,3783,0.00010458688518744688,Yes,Funding
0x7232f2c1d1da127cb65ee6036fc52ed6fc02540aaf6cf79a3045b6031e819a35,An EIP-4824 powered daoURI for Arbitrum DAO,3642,136990853.604772,3617088312.0,3.787323996217983,3642,0.00010068872213922324,Yes,Other
0x23985f3bb58758f0f43c5248085f6b7f1783c8e205604262336d043558aeca0c,Research on context and retention,3615,139257740.88979152,3617088312.0,3.849995600820473,3615,9.994226538530808e-05,Yes,Other
0xaa831b9306c3ec4f4a9b9731e7c445e540e5a24461a79f1166cb8dcdfa692d09,[Non-Constitutional] Whitelist Infura Nova Validator,3609,135943790.73644984,3617088312.0,3.758376324001952,3609,9.977638610666025e-05,Yes,Other
0x1326cb522a74b29fb12d52bb302b245180c2b8f6e1fe8f295c4447bd96a5bacd,[Non-Constitutional] Arbitrum DAO Delegate Incentive Program,3367,143287903.1568352,3617088312.0,3.961415669102281,3367,9.308592186786509e-05,Yes,Other
0x852b7e7bc83db6c3628695816647bdeb9825d10e445a71dcc94e651b2f8a71b9,[Non-Constitutional] Funds to Bolster Foundation‚Äôs Strategic Partnerships Budget,3946,163137575.51066047,3617088312.0,4.510190557676947,3946,0.00010909327225737915,Yes,Funding
0x41bc78325225705741c2eaebd9352bde74c2b28867e1a7321ccab0fa8fd5c2b7,GovHack Devcon in Bangkok - Hack Humanity,4010,142461916.06554794,3617088312.0,3.9385799786230913,4010,0.00011086265122962251,Yes,Other
0x8f242363dbc69d640799b461b27ba7b957ab13af87389b699639ba335b8b5e91,ArbitrumDAO Off-site,3237,148405956.89942116,3617088312.0,4.102912179585765,3237,8.949187083049578e-05,Yes,Other
0xd05fe5e629072098183d454fb5084715a19d5b3285af2b87c3dad7b61d614954,Terms of Tenure for STEP program manager,2827,146708818.07891297,3617088312.0,4.055992152367248,2827,7.81567867895618e-05,Yes,Other
0x88583c43b196ec86cee45345611b582108f1d6933ab688a7cae992a6baa552a6,Title: Special Voting Cycle #9b: Protocol Delegation Elections ,62245,14629207.206238989,1255070491.0,1.1656084109333893,62245,0.004959482391336058,Yes,Other
0xa9457a5344747a6c272de786419fc7a4e83fcf0f927ef9b1ce767452faa9b453,Title: Special Voting Cycle #9b: Grants Council Elections - Growth Experiments ,63845,16481503.661783978,1255070491.0,1.313193464428603,63845,0.005086965270702074,Yes,Other
0xdcff47b93fb17a11411bda1809e22cba72e5131d31624e4c0f2b9dbee6811f5c,Title: Special Voting Cycle #9b: Grants Council Elections - Builders ,61130,13902617.340108002,1255070491.0,1.107716055775548,61130,0.0048706427597778644,Yes,Other
0x22d4c3ab56832de58c1774d1a0aeb61ba6dde8b16c0f8382f85d8935f3ee1f11,Badgeholder Nomination Voting,31041,12874009.498810695,1255070491.0,1.025759874933646,31041,0.0024732475365003225,Yes,Other
0x3a1f9a30c47d6060f3b732404f3a6b2ceba3da07be0505ef0f93b6dab7fa3185,Special Voting Cycle #9a: Protocol Delegation Program,33158,15380927.415766822,1255070491.0,1.225503071426035,33158,0.0026419233212614827,Yes,Other
0x37fc8a6ae60cff2e4e72fe9c0567f739bb9a78262c2ada236892fcbc7af2c32d,Special Voting Cycle #9a: Grants Council,32839,15273742.546724932,1255070491.0,1.2169629240948294,32839,0.0026165064221878834,Yes,Other
0xfeb1832a75e2ef47dea4b08509a16e4e9176e9d2a962c9466c5d345b37428384,Season 2: Cycle 8: Velodrome ,15926,16961413.784855466,1255070491.0,1.351431167132386,15926,0.0012689327104894858,Yes,Other
0x2a7436c5bebeaee1a369e484a212a183da549dfce0393d6dc1f84837e8c5c79d,Season 2: Cycle 8: Mochi,14043,15796789.250574645,1255070491.0,1.2586376115008702,14043,0.0011189012968356054,Yes,Other
0x71f465ebc109ddbda430a6a0312a43c324d0653624eb22e126e7503681dceb10,Season 2: Cycle 8: Ambire Wallet,14524,14655946.18905824,1255070491.0,1.1677388875090873,14524,0.0011572258374450142,Yes,Other
0x474cbf8c806f30d016ea4ca0ad3fb5605391df6a3fa34a1aead7df61a9e4cc28,Season 2: Cycle 8: Agora,13651,15743219.273515776,1255070491.0,1.2543693271739729,13651,0.0010876679913909314,Yes,Other
0xbcb4a03f454819c29b2ae0f1dde7e5110385c68e86e79c68547c4c969e61a85f,"List SUI, TIA, TRX, APT, SEI, TON, BONK, WLD",66,42072.38940140903,9741964.91773008,0.4318675930031175,66,0.0006774813967958559,No,Other
0x4de43e30d90065bd3f968af76fad1a48a70b4886d8f3b77b482b28c57ea22898,GMX Listing Committee Election,162,36836.501023799625,9741964.91773008,0.3781218813132688,162,0.0016629088830443736,No,Other
0x4514be58c57e452c5163d5db97d518aee694e3af5980a63912b06b0b91479289,GMX Security Committee Election,155,36780.5645619776,9741964.91773008,0.3775477008240718,155,0.0015910547955054193,No,Security
0x9bf97eae1bd6bf6975edcdc094dddc6245c920c7b917356dc6e816f32b78a60d,GMX Governance Committee Election,156,38100.17931925046,9741964.91773008,0.3910933742936119,156,0.001601319665153841,No,Other
0x87a03dd7d5953210b555a7eecbeee26d45959599063bbec19ad954a1c995ca56,GMX Security Committee,328,45328.92628609564,9741964.91773008,0.4652955196297039,328,0.0033668772446824357,No,Security
0x2ac1704ac80f9b925ac7ab84ee4ce0d13124211eb4f870cfd516281faff666e7,GMX Governance Committee,322,45328.17933738212,9741964.91773008,0.4652878522985256,322,0.003305288026791903,No,Other
0x433d84e8dd3b14fb968b302408f8f79785d2c48647684fa2c9b1816ef818b4a4,GMX Listing Committee,321,45428.31886704983,9741964.91773008,0.466315771517219,321,0.003295023157143481,No,Other
0x0cdba7d9720606b567cc8a61c52cc483aa41991031b6bc7dfbc81070cabe0cf3,GMSOL or GMX-SOLANA? Decide then Sail,493,482474.4401986745,9741964.91773008,4.952537237334798,493,0.005060580736672075,Yes,Other
0x211abc4f3ef74a5616088213c9eee91c0ad3b13a24785368f99962af8c0dadf0,List EIGEN,319,105957.65508179668,9741964.91773008,1.0876415176671084,319,0.003274493417846637,Yes,Other
0xa325d9ad71d2b00899579fec95552a0922001d6093d0591a32f7af232391ff6d,Integration of Chaos Labs' Risk Oracles in GMX DAO protocols,332,43405.16184101532,9741964.91773008,0.4455483283666854,332,0.0034079367232761238,No,Other
0xc95ebeb66aad587d768ed7ead88acacabbdd89bffb1bae8b15ce245a881ffab9,Uniswap Growth Program Trial,8,7752127.769568108,753766667.0,1.0284519213912264,8,1.0613363989469172e-06,Yes,Other
0x64aca6822b43a7a4eff64613e16091d0cd9d50483cea78e0d959875dbebf6b69,[TEMP CHECK] - Onboarding Package for Lisk,242,38265076.93946651,753766667.0,5.076514870545014,242,3.2105426068144245e-05,Yes,Other
0x0ced7d4ed383fe37e3905c187fe668382a32090b994cffc257ecb8a035542d64,Uniswap Accountability Committee S3 Elections,194,40118793.60921437,753766667.0,5.322441992412272,194,2.573740767446274e-05,Yes,Other
0x8eb2e8135cab63b0ff987dff2bda9b651f86bf6cc90336a9b11b92640e16405b,Uniswap Delegate Race Tiebreaker,193,29408460.018981498,753766667.0,3.9015336318900258,193,2.5604740624594372e-05,Yes,Other
0x730241466ef1146d10ffd167f995b327f1ba9d7ad13d7ca9d2a2802052654b3e,Approved Budgets Rebalancing,186,29410908.37134485,753766667.0,3.90185844757511,186,2.467607127551582e-05,Yes,Other
0xad9fc83135d5e8e8505030aeb659239d99bc07091a4b4d5038fd6c8ea09549fa,UAC Renewal S3,186,29409968.96968629,753766667.0,3.901733819928428,186,2.467607127551582e-05,Yes,Other
0x51ab2ced6ddc652531d0a4f719aa43b62beba11b5d97773750e682b6e8aed5a0,[Temp Check] - Ethereum Foundation Attackathon Sponsorship,259,34656978.89301744,753766667.0,4.597839147086805,259,3.436076591590644e-05,Yes,Other
0xff05f8e61540a8ad3ca98b9a65a4b135d7834bdb0cf286a1346dcd6fcda85df0,[Temp Check] Uniswap Delegate Reward Initiative - Cycle 2 ,275,29414252.801885866,753766667.0,3.902302143308476,275,3.6483438713800276e-05,Yes,Other
0x3c55a8685f64078d016a5a69cba3fccc3844692da97fdb3dbe6b31049b8f85ac,"[REDO: Temp Check] Activate 2, 3, 4 bps fee tiers on Uniswap v3 on Base",278,32914591.913438056,753766667.0,4.366681806776958,278,3.688143986340537e-05,Yes,Other
0xcd74f6280e53cbdb3bda8349c3c6b833e613faf4677278e85a38cb06e5afb355,"[Temp Check] Activate 2, 3, 4 bps fee tiers on Uniswap v3 on Base",319,21241116.919779688,753766667.0,2.8179963176561755,319,4.232078890800832e-05,Yes,Other
0x18ae1bb132dfc360bd79862765e2940c1d98247cdaad14cef116ae8eb8c7bbe4,Sushi High Kitchen Candidate - Sarang [Implementation],22,8006365.639454141,192789255.8554817,4.152910702376411,22,1.1411424304937199e-05,Yes,Other
0x29e0ef306104a2c1b135fb3070acf8ccb639af6649d2594e8dad1151567a8825,Sushi High Kitchen Candidate - Adarsh Bhatt [Implementation],32,5405008.712221786,192789255.8554817,2.803583990320227,32,1.6598435352635922e-05,Yes,Other
0x027215a8a949857a5a0907a19636920375c025de9b54bb180771bade2dd39eb4,Sushi High Kitchen Candidate - Hypotenuse Labs [Implementation],31,5404898.398512313,192789255.8554817,2.803526770477252,31,1.6079734247866053e-05,Yes,Other
0xb9d4a5edb70aad568b4a7b71d9fb2ee0e5ca366fcd5cf6b9200cdec6a5c4073d,Sushi High Kitchen Candidate - Hee-Sang Koo [Implementation],22,16074.485101662489,192789255.8554817,0.0083378531808391,22,1.1411424304937199e-05,No,Other
0x6b65fe8412999abe1b7bae2b13fcc6fdf73ddac7a824eaed19b863fa4b7ca9a1,Sushi High Kitchen Candidate - Adam Ambrozy [Implementation],29,5404888.221955338,192789255.8554817,2.803521491885906,29,1.5042332038326305e-05,Yes,Other
0xff0f3b4fdb2817478e4641aa0b53954aef06fd59623ad76177bafb79b62f324f,Sushi High Kitchen Candidate - Kevin Michael Kozeny [Implementation],29,5404886.997378553,192789255.8554817,2.8035208566965752,29,1.5042332038326305e-05,Yes,Other
0x526c07c7c4631bc2f8844a1b7ff23156e192767563b016408f9066a1188bf004,Evolving Sushi - Bur≈´ no Shinka [Implementation],90,19067547.472701974,192789255.8554817,9.89035793934251,90,4.668309942928854e-05,Yes,Other
0x21aa6c89fd5e4111e6046cfc12cc7280f2be13f8452e61a0025454678d1ff9d0,Evolving Sushi - Bur≈´ no Shinka [Signal],121,30229013.86990661,192789255.8554817,15.679822890424362,121,6.276283367715459e-05,Yes,Other
0x0fed35582abb7163a47ae5bc62d6f4185de60667db44adf65454c2d218559a60,Send Sushi From Merkel Distributor Contract to the Sushi Treasury Wallet,120,8505029.86880824,192789255.8554817,4.411568389051599,120,6.224413257238472e-05,Yes,Other
0x8b91b6d70d8a31eb61b87f871cd4535a17faa9aa0023f15ac58c77b901a77a82,Deploy new tokenomics for Sushi [Signal],161,9860248.961064937,192789255.8554817,5.114522029410371,161,8.35108778679495e-05,Yes,Other
0xc9ded50bfb0aae1c957a94de44d65a2997694ac85703825f5ded16d43540bbb5,RFP-46: Accelerating RDNT Vesting to Boost Emissions Reserve and RIZ APRs,338,35135228.94170581,1144808390.0,3.0690925440986514,338,2.952459144713291e-05,Yes,Other
0x5100affe4d055cbf8c2c4370ecd6e1dcbb3c3bf264b625658c4e6ccb73892c09,RFP-45: Onboard cbBTC on Base,273,30803874.04862697,1144808390.0,2.69074495939246,273,2.384678539960735e-05,Yes,Other
0x159a5c4453ea29c66996fed20c3f0639f810d159ed797ee2bfca9de60f432a6b,RFP-44: Strategic Adjustment to Emission Schedule from RFP-35,334,10856510.138487857,1144808390.0,0.9483255218358292,334,2.9175187998054418e-05,No,Other
0x726387faef57c08ae9a64dd6cbdbaa1e795d9d5a77ee347497c159409352b64b,RFP-43: Formal Retirement of Radiant v1,410,29880619.408719823,1144808390.0,2.610097870502139,410,3.581385353054585e-05,Yes,Other
0xed886a7d79d4d59267fc63b58123ab4045c588956524e1b46faa60b632b0388e,RFP-42: Onboard rsETH on Arbitrum,495,17895751.337428004,1144808390.0,1.5632093102871132,495,4.323867682346388e-05,Yes,Other
0x5796effe9cdef55485e46b2f5bd1159db925109f77d4cd1ca8df6958a1bd2dfa,RFP-41: Onboard ezETH on Arbitrum,481,17923823.92694694,1144808390.0,1.5656614751877334,481,4.201576475168914e-05,Yes,Other
0x533751448f6cd1d62fc24799fe07f061ce08152e6a970e128c63be7d3c1b9eff,RFP-40: Onboard USDe on Ethereum & Arbitrum,603,22293594.37692375,1144808390.0,1.9473646919135308,603,5.267256994858327e-05,Yes,Other
0x8216d4b089c0e787ef383683b17ce2af026caa2bba986ddbddfa178094bf854b,RFP-39: Onboard gmBTC & gmETH on Arbitrum,956,20841209.50406313,1144808390.0,1.820497620921797,956,8.350742432976055e-05,Yes,Other
0x5c6e1d3bc0379ed631e5c991e8557d5db75318fbd9fde97185217519e8a5ea88,RFP-38: New Revenue Management with Fewer Reward Assets,942,22036674.299699243,1144808390.0,1.924922501633592,942,8.228451225798581e-05,Yes,Other
0x684d04c39bd70310ffccd9469553d3bcabb84fced2cf1c26d6dfec606d62605c,RFP-37:  Redistribution of the First LayerZero Airdrop for Radiant,1046,25652914.659572285,1144808390.0,2.240804215242717,1046,9.136900193402671e-05,Yes,Other
0x8af13b9c0af0dbdb34a62e57b2ba0f63560164569cd1fd3a5f6fc88333c98a9b,OIP-167: Request to Make Consolidation Users Whole,14,1540272.8606312578,16021042.3411303,9.614061481361706,14,8.738507583903113e-05,Yes,Other
0x49a703369c407d32831dddfef6c7cf80dfc5ec9ed0223f78e21f8cfb68e273b2,OIP-165: The Framework - Yield Repurchase Facility,15,3625023.3268275657,16021042.3411303,22.626638452363125,15,9.362686697039049e-05,Yes,Other
0x413eb8b7fb4a721c7f16b468ccc50e1d9fd15132be6dc545784b3656373a5ddf,OIP-164: Post Framework RBS Configuration Changes,23,1518064.2049768104,16021042.3411303,9.475439691458362,23,0.0001435611960212654,Yes,Other
0x8a2e024e49af780d552d79f82857e423c5f29e4b77853e5ccf625a594a905387,OIP-163: The Framework,27,6537927.210709162,16021042.3411303,40.80837608127752,27,0.00016852836054670288,Yes,Other
0x93c886f81d7692729bb13fd6ded4586f03f1d7e13b50382d3c5cd8c2e629f8fe,OIP-161: Approve distribution of LayerZero Aidrop,42,6520831.331277838,16021042.3411303,40.7016671726603,42,0.00026215522751709335,Yes,Other
0x4cfdacd07734a9f66cb67d63c38f71ef3c5bdaa7a1853bb364a0aed18260a2a0,OIP-162: Distribution Supplement to OIP-161,30,4481657.136201324,16021042.3411303,27.97356776653484,30,0.00018725373394078097,Yes,Other
0x216848ce7a921c66724493497a0f1e7033fd0b0b68a4ad29e2e4d14df954a3cd,OIP-160: Deploy OHM/ETH POL on Base,39,1551090.5681762632,16021042.3411303,9.68158335237776,39,0.00024342985412301527,Yes,Other
0xb683e3a5183d9783ca8574c26d0b7f473d9caf9af10eb2a51c680f27124dbb3e,OIP - 159 Olympus x Gearbox: Enhancing OHM Utility and Maximizing DAI Yield,46,6298808.841217585,16021042.3411303,39.31584916323988,46,0.0002871223920425308,Yes,Other
0xe958cd6ed2c44323121a3168067b41dcc7ea378cc332d3814e6d90455bcb5cdf,OOP-4 Funding Request for 2024 Marketing / Communication Budget Proposal,31,3085711.934636636,16021042.3411303,19.260369387544703,31,0.00019349552507214032,Yes,Funding
0x238ee7f4a4f3640b897559fe494537c72742e0f6a12983202f64f9756d217186,OIP-158: 2024 Marketing / Communication Budget Proposal,33,3278931.667153468,16021042.3411303,20.466406600371897,33,0.0002059791073348591,Yes,Other
0xf34df1c95441029b6c7a7c36ec086e8c986a724595b9e2ad30acdec1d5762f01,[FIP - 410] Update FXS Allocation on Symbiotic,12,35582677.74075966,649433438.165934,5.479033823889445,12,1.8477644196900639e-06,Yes,Other
0x8491c78306a6c0b41783685aabb12c318302497944de4ef74051963967620ab8,[FIP - 409] Karak Restaing AMO on Fraxtal,12,35582711.2949644,649433438.165934,5.479038990578249,12,1.8477644196900639e-06,Yes,Other
0x85706913ec9797f19ce6dab4638a21761d43beab90fffaf662039c9eb764fed3,Test Vote #2,12,35789728.497485034,649433438.165934,5.510915575668364,12,1.8477644196900639e-06,Yes,Other
0x39e43756b133cc04eb2a5396c136b8d05ced96ba1946d3007e2efc3c7e25affd,Fraxtal Test Vote,15,84239.83591119637,649433438.165934,0.0129712809597698,15,2.30970552461258e-06,No,Other
0x60ce169bce5174b399fa09ccc35c14e692a6bb19229d5957e44940f58e89efbc,[FIP - 408] Migrate the Snapshot voting process from the Ethereum mainnet to the Fraxtal network,11,28542054.42614908,649433438.165934,4.394916052791299,11,1.6937840513825587e-06,Yes,Other
0x4f973673cd658a7a003a084b9f4dcb6a9b0e4368f1948a38d3ee6094d37cb340,[FIP - 407] Allocate FXS to Symbiotic,8,28515030.44451764,649433438.165934,4.390754890146554,8,1.2318429464600426e-06,Yes,Funding
0xf63ea87427f46a11516955b0e6954a309e1daccec0eb4054b96de17f5dd24c83,[FIP - 406] Allocate tBTC/WBTC towards the Convex Curve WBTC + tBTC pool,7,16634.66138707426,649433438.165934,0.0025614112870523,7,1.0778625781525372e-06,No,Funding
0x136f1ebca7c23a9bf1bf6523718531737aec4b2d735020d69c6530528e3111ab,[FIP - 405] Significantly downsize PyUSD Position,7,28520378.40993638,649433438.165934,4.391578371831427,7,1.0778625781525372e-06,Yes,Other
0xea1600c495d95ae7f32c7ef6c40654b9a2fe5d6291049ae6026248400f39c6e4,[FIP - 404] Create new wBTC/sFRAX Fraxlend Pair,8,28611510.40431628,649433438.165934,4.405610909890641,8,1.2318429464600426e-06,Yes,Other
0x007fcffc52504cce987c59124fb7c5d3f383ba539e6065634c2e32caea342618,[FIP - 403] Create new sfrxEth/sFRAX Fraxlend Pair,6,28603870.87810893,649433438.165934,4.404434572831539,6,9.238822098450319e-07,Yes,Other
QmRz29aE4TXpi9HrNbn6ZA1sRF1xEBeGbw8HxRpHZRZ4rD,GIP-0013: Reduce Curation Tax,331,214566884.7420348,9548531509.16547,2.247119198759262,331,3.4665016257450566e-06,Yes,Other
QmTbDGkeaSty1vNirLkpmMPtTqiKLVdSU67ECL5aZmWV43,[Community Poll] GIP-0009: Arbitration Charter,191,932302696.590434,9548531509.16547,9.763833273163868,191,2.0003075846444283e-06,Yes,Other
QmNTUFcx5SGt3Jd1heDmKa6Lh8WGmJnqKiii7H91RUAbKW,GIP-0002: Separate destination address for Indexer indexing rewards,370,3686938779.882482,9548531509.16547,38.61262620690368,370,3.874941394337374e-06,Yes,Other
Qmd1kNg7wMUVaL62wQrCwTnno6rmFHt85zMa5f5SGss186,GIP-0003: Fix accumulated subgraph rewards being reset to zero,303,3421741810.190513,9548531509.16547,35.83526751633005,303,3.1732628175249308e-06,Yes,Other
